Name,Email,Phone,Company,Source,Priority,Owner,Use Case,Next Action,Due Date,Due Time,Website,Industry,City,Country,Budget,Timeline,Tags,Notes,Created At
Aurelia Head,syhy@mailinator.com,+1 (645) 119-3542,Dean Spencer Co,Referral,High,Lorem quia,Sint saepe aliquid s,Email,1998-03-09,19:15:00,https://www.suxebizyd.ca,Dolorum,Necessitatibus quidem iure ratione omnis sequi sap,Cupiditate nihil enim obcaecati nulla reprehenderi,Voluptatibus velit voluptatem porro est,Alias vero,Cupiditate,called once,2025-11-01 07:02:53
Jordan Michael,loma@mailinator.com,+1 (508) 438-9764,Foster Gilbert Traders,Website,High,Dolorum impedit reprehenderit nobis unde corrupti maxime quia et qui beatae sed autem velit et,Qui consequatur vol,Call,1990-05-11,00:48:00,https://www.wafuqeniwasita.org.au,Quia qui dolore et labore nemo laboris voluptatem fuga Deserunt tempora,Ratione fugiat labore incidunt nobis hic iusto si,Iure non molestias eiusmod deserunt ea culpa dolo,Mollitia officiis error mollit voluptatibus culpa sint ex occaecat qui,Adipisicing elit dolore voluptate voluptatem est eligendi qui maiores,Sunt ipsum nisi maxime excepteur aspernatur dicta dicta amet sint proident placeat mollitia omnis,Cupiditate proident,2025-10-31 06:36:09
Dawn Mccormick,pufizepy@mailinator.com,+1 (982) 217-9406,Moss Pittman LLC,Event,High,Minim inventore exercitation odio laboris qui illum sed neque,Optio enim magni no,Demo,1977-08-03,01:58:00,https://www.libujypex.co,Est veniam magnam eos voluptas lorem cum fugiat non voluptate qui labore sapiente dolores perspicia,Expedita voluptas qui aliquip et nostrud fugiat vo,Dolore veritatis ut voluptate excepteur sequi sed,Dicta qui ullamco et similique ipsum minima recusandae Voluptate similique consequat Ut aliquam om,Et sint Nam aliquid quibusdam vel mollit qui ut deserunt quam rerum aliquip voluptatum,Laborum Voluptas provident accusamus omnis esse qui velit iste dolorum quis quis omnis nostrum quis fugiat,Lorem quo est animi,2025-10-31 05:06:51
Macey Mills,lozotyxuro@mailinator.com,+1 (384) 563-9747,Mckinney and Walls Associates,Website,Med,Autem,Tenetur nesciunt su,None,1981-08-29,10:02:00,https://www.wyjevi.ca,Amet autem est perferendis obcaecati exercitation et sit itaque,Voluptatem et mollitia non aut mollitia delectus,Consequatur ut ut occaecat duis,Sint quae aut saepe dicta et distinctio Nihil nulla delectus irure consequatur Quia voluptas qui,Obcaecati ducimus quas ipsum ipsa laudantium quis quia,Incidunt veritatis sed sed commodi dolorum iusto ut qui eaque,Atque nobis nihil re,2025-10-23 10:40:31
Candice Byers,tuxygi@mailinator.com,+1 (602) 438-6305,Kerr and Dennis Traders,Event,Med,d,6,Demo,,20:59:00,,,,,,,,,2025-10-23 09:48:42
Palmer Finch,telaveduj@mailinator.com,+1 (365) 468-1598,Grimes Guthrie Trading,Website,Med,Autem tempor magni reprehenderit velit est iure harum cillum voluptas et reprehenderit harum labo,Sit veritatis consec,None,1997-03-24,11:55:00,https://www.jifihohijukyj.cc,Fugiat provident et ut at tenetur magna aut aspernatur placeat vel elit id,Enim possimus autem sint et est beatae tenetur v,Sed delectus nesciunt perspiciatis harum except,Ipsa repudiandae consequatur autem voluptatem Voluptatem cum ratione voluptatibus dolorum,Hic ipsa ipsam dignissimos velit veniam ut unde distinctio Non repellendus Itaque autem duis te,Nisi similique eveniet ipsam quis numquam id dolorem,Nam consectetur ess,2025-10-23 05:55:45
Lead_1,lead1@example.com,900000001,Company_1,Dummy,Dummy,Dummy,Dummy,Dummy,Dummy,Dummy,Dummy,Dummy,City_1,Dummy,Dummy,Dummy,Dummy,Dummy,Dummy
Lead_2,lead2@example.com,900000002,Company_2,Dummy,Dummy,Dummy,Dummy,Dummy,Dummy,Dummy,Dummy,Dummy,City_2,Dummy,Dummy,Dummy,Dummy,Dummy,Dummy
Lead_3,lead3@example.com,900000003,Company_3,Dummy,Dummy,Dummy,Dummy,Dummy,Dummy,Dummy,Dummy,Dummy,City_3,Dummy,Dummy,Dummy,Dummy,Dummy,Dummy
Lead_4,lead4@example.com,900000004,Company_4,Dummy,Dummy,Dummy,Dummy,Dummy,Dummy,Dummy,Dummy,Dummy,City_4,Dummy,Dummy,Dummy,Dummy,Dummy,Dummy
Lead_5,lead5@example.com,900000005,Company_5,Dummy,Dummy,Dummy,Dummy,Dummy,Dummy,Dummy,Dummy,Dummy,City_5,Dummy,Dummy,Dummy,Dummy,Dummy,Dummy
Lead_6,lead6@example.com,900000006,Company_6,Dummy,Dummy,Dummy,Dummy,Dummy,Dummy,Dummy,Dummy,Dummy,City_6,Dummy,Dummy,Dummy,Dummy,Dummy,Dummy
Lead_7,lead7@example.com,900000007,Company_7,Dummy,Dummy,Dummy,Dummy,Dummy,Dummy,Dummy,Dummy,Dummy,City_7,Dummy,Dummy,Dummy,Dummy,Dummy,Dummy
Lead_8,lead8@example.com,900000008,Company_8,Dummy,Dummy,Dummy,Dummy,Dummy,Dummy,Dummy,Dummy,Dummy,City_8,Dummy,Dummy,Dummy,Dummy,Dummy,Dummy
Lead_9,lead9@example.com,900000009,Company_9,Dummy,Dummy,Dummy,Dummy,Dummy,Dummy,Dummy,Dummy,Dummy,City_9,Dummy,Dummy,Dummy,Dummy,Dummy,Dummy
Lead_10,lead10@example.com,900000010,Company_10,Dummy,Dummy,Dummy,Dummy,Dummy,Dummy,Dummy,Dummy,Dummy,City_10,Dummy,Dummy,Dummy,Dummy,Dummy,Dummy
Lead_11,lead11@example.com,900000011,Company_11,Dummy,Dummy,Dummy,Dummy,Dummy,Dummy,Dummy,Dummy,Dummy,City_11,Dummy,Dummy,Dummy,Dummy,Dummy,Dummy
Lead_12,lead12@example.com,900000012,Company_12,Dummy,Dummy,Dummy,Dummy,Dummy,Dummy,Dummy,Dummy,Dummy,City_12,Dummy,Dummy,Dummy,Dummy,Dummy,Dummy
Lead_13,lead13@example.com,900000013,Company_13,Dummy,Dummy,Dummy,Dummy,Dummy,Dummy,Dummy,Dummy,Dummy,City_13,Dummy,Dummy,Dummy,Dummy,Dummy,Dummy
Lead_14,lead14@example.com,900000014,Company_14,Dummy,Dummy,Dummy,Dummy,Dummy,Dummy,Dummy,Dummy,Dummy,City_14,Dummy,Dummy,Dummy,Dummy,Dummy,Dummy
Lead_15,lead15@example.com,900000015,Company_15,Dummy,Dummy,Dummy,Dummy,Dummy,Dummy,Dummy,Dummy,Dummy,City_15,Dummy,Dummy,Dummy,Dummy,Dummy,Dummy
Lead_16,lead16@example.com,900000016,Company_16,Dummy,Dummy,Dummy,Dummy,Dummy,Dummy,Dummy,Dummy,Dummy,City_16,Dummy,Dummy,Dummy,Dummy,Dummy,Dummy
Lead_17,lead17@example.com,900000017,Company_17,Dummy,Dummy,Dummy,Dummy,Dummy,Dummy,Dummy,Dummy,Dummy,City_17,Dummy,Dummy,Dummy,Dummy,Dummy,Dummy
Lead_18,lead18@example.com,900000018,Company_18,Dummy,Dummy,Dummy,Dummy,Dummy,Dummy,Dummy,Dummy,Dummy,City_18,Dummy,Dummy,Dummy,Dummy,Dummy,Dummy
Lead_19,lead19@example.com,900000019,Company_19,Dummy,Dummy,Dummy,Dummy,Dummy,Dummy,Dummy,Dummy,Dummy,City_19,Dummy,Dummy,Dummy,Dummy,Dummy,Dummy
Lead_20,lead20@example.com,900000020,Company_20,Dummy,Dummy,Dummy,Dummy,Dummy,Dummy,Dummy,Dummy,Dummy,City_20,Dummy,Dummy,Dummy,Dummy,Dummy,Dummy
